arraySize,operation,sequentialTime,cudaTime
10000,Not,0.424928,0.939776
10000,Not2,0.54768,0.89312
10000,Not3,1.27542,0.882336
10000,And,0.409856,0.908704
10000,And2,0.406592,0.899584
10000,Or,0.407104,0.918816
10000,Or2,0.4216,0.931264
10000,Not,0.001312,0.850688
10000,Not2,0.504256,0.868256
10000,Not3,1.17411,0.919808
10000,And,0.419296,0.91696
10000,And2,0.42272,0.914336
10000,Or,0.419648,0.888832
10000,Or2,0.408256,0.888032
10000,Not,0.001312,0.871136
10000,Not2,0.495072,0.848992
10000,Not3,1.16458,0.920704
10000,And,0.417696,0.917216
10000,And2,0.416832,0.907648
10000,Or,0.422336,0.885312
10000,Or2,0.404416,0.8848
10000,Not,0.001408,0.852672
10000,Not2,0.461088,0.587296
10000,Not3,0.851744,0.911136
10000,And,0.418752,0.90352
10000,And2,0.41632,0.879296
10000,Or,0.40736,0.880576
10000,Or2,0.408384,0.629696
10000,Not,0.00128,0.864896
10000,Not2,0.445696,0.849696
10000,Not3,1.06451,0.87984
10000,And,0.403616,0.900416
10000,And2,0.40336,0.62256
10000,Or,0.001312,0.908096
10000,Or2,0.416608,0.913248
10000,Not,0.00128,0.877408
10000,Not2,0.449088,0.583872
10000,Not3,0.732768,0.909312
10000,And,0.417536,0.906496
10000,And2,0.41424,0.906304
10000,Or,0.414176,0.862368
10000,Or2,0.404608,0.601088
10000,Not,0.001312,0.559296
10000,Not2,0.001312,0.566816
10000,Not3,0.707232,0.623488
10000,And,0.001312,0.599328
10000,And2,0.413856,0.901184
10000,Or,0.41216,0.59104
10000,Or2,0.001536,0.603168
10000,Not,0.001344,0.586048
10000,Not2,0.00128,0.570624
10000,Not3,0.680288,0.610304
10000,And,0.001312,0.609152
10000,And2,0.00128,0.591616
10000,Or,0.001312,0.599072
10000,Or2,0.001344,0.597504
10000,Not,0.00128,0.558368
10000,Not2,0.001312,0.586752
10000,Not3,0.615552,0.596
10000,And,0.001376,0.598784
10000,And2,0.001312,0.604288
10000,Or,0.001312,0.605632
10000,Or2,0.00128,0.607904
10000,Not,0.00128,0.568768
10000,Not2,0.001312,0.572032
10000,Not3,0.595232,0.613728
10000,And,0.001312,0.604896
10000,And2,0.001376,0.605312
10000,Or,0.00128,0.60256
10000,Or2,0.00144,0.58688
10000,Not,0.001312,0.554368
10000,Not2,0.001568,0.55856
10000,Not3,0.594432,0.593728
10000,And,0.001312,0.589952
10000,And2,0.001312,0.602528
10000,Or,0.001312,0.595264
10000,Or2,0.001376,0.6016
10000,Not,0.00128,0.569376
10000,Not2,0.00128,0.576544
10000,Not3,0.5696,0.605248
10000,And,0.001344,0.5984
10000,And2,0.001312,0.602272
10000,Or,0.001312,0.579648
10000,Or2,0.001376,0.58912
10000,Not,0.001312,0.553728
10000,Not2,0.001312,0.566336
10000,Not3,0.51552,0.599456
10000,And,0.00128,0.598144
10000,And2,0.001344,0.599936
10000,Or,0.001312,0.598752
10000,Or2,0.001344,0.594784
10000,Not,0.001312,0.564928
10000,Not2,0.001536,0.545248
10000,Not3,0.52672,0.579808
10000,And,0.001344,0.584736
10000,And2,0.001312,0.307936
10000,Or,0.001312,0.576256
10000,Or2,0.001376,0.551168
10000,Not,0.001344,0.266304
10000,Not2,0.426656,0.267456
10000,Not3,0.797344,0.597856
10000,And,0.096544,0.547968
10000,And2,0.001376,0.59168
10000,Or,0.293088,0.589408
10000,Or2,0.001312,0.590848
10000,Not,0.001472,0.560032
10000,Not2,0.423296,0.55808
10000,Not3,0.786368,0.576896
10000,And,0.096384,0.307168
10000,And2,0.001312,0.566944
10000,Or,0.093152,0.575872
10000,Or2,0.10336,0.464448
10000,Not,0.001344,0.259648
10000,Not2,0.422688,0.268448
10000,Not3,0.47888,0.296928
10000,And,0.116576,0.472
10000,And2,0.001312,0.293728
10000,Or,0.00128,0.566688
10000,Or2,0.10416,0.486496
10000,Not,0.001376,0.261856
10000,Not2,0.404928,0.262944
10000,Not3,0.753632,0.29552
10000,And,0.092256,0.29184
10000,And2,0.001312,0.567424
10000,Or,0.00128,0.286144
10000,Or2,0.099488,0.55104
10000,Not,0.00128,0.253664
10000,Not2,0.403584,0.536352
10000,Not3,0.733408,0.295424
10000,And,0.088832,0.284768
10000,And2,0.091136,0.282336
10000,Or,0.090336,0.281824
10000,Or2,0.099872,0.283136
10000,Not,0.001312,0.251936
10000,Not2,0.411712,0.254848
10000,Not3,0.736192,0.289824
10000,And,0.088608,0.552896
10000,And2,0.091296,0.28176
10000,Or,0.090048,0.281632
10000,Or2,0.099616,0.280064
10000,Not,0.001376,0.252736
10000,Not2,0.418944,0.26064
10000,Not3,0.723808,0.283936
10000,And,0.085504,0.275808
10000,And2,0.087808,0.274528
10000,Or,0.086112,0.273536
10000,Or2,0.096128,0.27536
10000,Not,0.001472,0.246016
10000,Not2,0.419136,0.249152
10000,Not3,0.723712,0.57072
10000,And,0.085088,0.274304
10000,And2,0.087328,0.27456
10000,Or,0.08608,0.274144
10000,Or2,0.094976,0.27456
10000,Not,0.001312,0.250112
10000,Not2,0.403232,0.250176
10000,Not3,0.710336,0.283584
10000,And,0.085312,0.276288
10000,And2,0.087776,0.27488
10000,Or,0.085088,0.274176
10000,Or2,0.096064,0.274304
10000,Not,0.00128,0.529408
10000,Not2,0.417856,0.528064
10000,Not3,0.691968,0.277504
10000,And,0.082304,0.269184
10000,And2,0.084512,0.556224
10000,Or,0.08336,0.543936
10000,Or2,0.092416,0.553344
10000,Not,0.00128,0.24128
10000,Not2,0.417248,0.244128
10000,Not3,0.699968,0.565216
10000,And,0.083776,0.555232
10000,And2,0.084736,0.542464
10000,Or,0.083392,0.566176
10000,Or2,0.092576,0.540896
10000,Not,0.001312,0.239904
10000,Not2,0.40176,0.240352
10000,Not3,0.674752,0.272544
10000,And,0.078944,0.26416
10000,And2,0.081056,0.553344
10000,Or,0.080192,0.536864
10000,Or2,0.088832,0.535968
10000,Not,0.001312,0.236992
10000,Not2,0.418592,0.239488
10000,Not3,0.687616,0.272096
10000,And,0.079104,0.535584
10000,And2,0.081088,0.551424
10000,Or,0.080256,0.546944
10000,Or2,0.088512,0.564768
10000,Not,0.00128,0.237344
10000,Not2,0.39856,0.239008
10000,Not3,0.668096,0.274336
10000,And,0.079328,0.282144
10000,And2,0.001312,0.564928
10000,Or,0.077216,0.259552
10000,Or2,0.085696,0.529152
10000,Not,0.00128,0.231328
10000,Not2,0.400832,0.235104
10000,Not3,0.648704,0.270944
10000,And,0.076864,0.259584
10000,And2,0.078112,0.54672
10000,Or,0.0776,0.257248
10000,Or2,0.086752,0.547744
10000,Not,0.001312,0.23152
10000,Not2,0.410656,0.239424
10000,Not3,0.655168,0.26944
10000,And,0.076224,0.54976
10000,And2,0.077856,0.547968
10000,Or,0.077568,0.258432
10000,Or2,0.085792,0.544
100000,Not,0.92464,1.30112
100000,Not2,1.6152,1.13712
100000,Not3,4.72493,1.44909
100000,And,0.972608,1.4281
100000,And2,0.891584,1.3912
100000,Or,0.899936,1.4072
100000,Or2,0.965664,1.40541
100000,Not,0.781216,1.10416
100000,Not2,1.52189,1.11792
100000,Not3,4.47693,1.45235
100000,And,0.9296,1.38976
100000,And2,0.848896,1.40032
100000,Or,0.847488,1.3999
100000,Or2,0.918944,1.40419
100000,Not,0.819776,1.06109
100000,Not2,1.44854,1.06656
100000,Not3,4.2441,1.39587
100000,And,0.919744,1.30493
100000,And2,0.856544,1.33184
100000,Or,0.842464,1.29859
100000,Or2,0.914656,1.31949
100000,Not,0.790048,1.07446
100000,Not2,1.4479,1.07677
100000,Not3,4.24173,1.39811
100000,And,0.919808,1.30656
100000,And2,0.872512,1.33683
100000,Or,0.842304,1.3015
100000,Or2,0.913056,1.31482
100000,Not,0.782528,1.07312
100000,Not2,1.44557,1.07606
100000,Not3,4.24032,1.41866
100000,And,0.931808,1.31498
100000,And2,0.865664,1.35203
100000,Or,0.838432,1.30358
100000,Or2,0.920416,1.31862
100000,Not,0.797888,1.09347
100000,Not2,1.45126,1.11312
100000,Not3,4.24109,1.42995
100000,And,0.926144,1.35744
100000,And2,0.847904,1.37584
100000,Or,0.85392,1.39062
100000,Or2,0.93632,1.49158
100000,Not,0.773952,1.09149
100000,Not2,1.48064,1.1177
100000,Not3,4.27222,1.44368
100000,And,0.941248,1.3935
100000,And2,0.852,1.35069
100000,Or,0.838784,1.36806
100000,Or2,0.937088,1.37702
100000,Not,0.787232,1.09011
100000,Not2,1.45062,1.11546
100000,Not3,4.23962,1.45226
100000,And,0.919776,1.3657
100000,And2,0.846464,1.38128
100000,Or,0.86224,1.39149
100000,Or2,0.929184,1.36224
100000,Not,0.757248,1.10371
100000,Not2,1.46787,1.1241
100000,Not3,4.27734,1.44592
100000,And,0.917664,1.37123
100000,And2,0.86048,1.39488
100000,Or,0.852,1.38019
100000,Or2,0.931648,1.35568
100000,Not,0.758528,1.09542
100000,Not2,1.46179,1.10038
100000,Not3,4.25952,1.45952
100000,And,0.9384,1.37664
100000,And2,0.861632,1.3617
100000,Or,0.83936,1.35997
100000,Or2,0.913696,1.35994
100000,Not,0.78272,1.1024
100000,Not2,1.50851,1.13331
100000,Not3,4.37587,1.4527
100000,And,0.919712,1.38576
100000,And2,0.867648,1.38003
100000,Or,0.8424,1.35482
100000,Or2,0.913344,1.35942
100000,Not,0.776736,1.09674
100000,Not2,1.45242,1.11267
100000,Not3,4.24307,1.44067
100000,And,0.920352,1.36208
100000,And2,0.851104,1.36326
100000,Or,0.847424,1.38858
100000,Or2,0.934784,1.38765
100000,Not,0.79024,1.09978
100000,Not2,1.45312,1.10864
100000,Not3,4.25651,1.44198
100000,And,0.923296,1.35885
100000,And2,0.862048,1.39629
100000,Or,0.854016,1.36765
100000,Or2,0.914688,1.35146
100000,Not,0.770944,1.09875
100000,Not2,1.47088,1.0959
100000,Not3,4.25482,1.46301
100000,And,0.936672,1.38442
100000,And2,0.862784,1.36243
100000,Or,0.848768,1.35037
100000,Or2,0.914304,1.36528
100000,Not,0.786912,1.09453
100000,Not2,1.44733,1.13514
100000,Not3,4.24141,1.4297
100000,And,0.919968,1.46131
100000,And2,0.850752,1.36659
100000,Or,0.839424,1.39421
100000,Or2,0.936416,1.37555
100000,Not,0.7904,1.09488
100000,Not2,1.44675,1.15213
100000,Not3,4.24054,1.43283
100000,And,0.920544,1.36813
100000,And2,0.84864,1.36154
100000,Or,0.8504,1.39466
100000,Or2,0.932704,1.38512
100000,Not,0.75264,1.09584
100000,Not2,1.45366,1.11411
100000,Not3,4.24218,1.45446
100000,And,0.91952,1.3649
100000,And2,0.866208,1.38362
100000,Or,0.848928,1.36771
100000,Or2,0.915584,1.35299
100000,Not,0.771424,1.09683
100000,Not2,1.44755,1.11974
100000,Not3,4.2593,1.46547
100000,And,0.937984,1.39728
100000,And2,0.848864,1.35203
100000,Or,0.840704,1.36464
100000,Or2,0.923168,1.37446
100000,Not,0.784672,1.08934
100000,Not2,1.45318,1.11734
100000,Not3,4.24128,1.4321
100000,And,0.919232,1.36266
100000,And2,0.850048,1.38474
100000,Or,0.856384,1.3897
100000,Or2,0.936416,1.3663
100000,Not,0.80176,1.09248
100000,Not2,1.47792,1.11894
100000,Not3,4.24291,1.43446
100000,And,0.924832,1.36394
100000,And2,0.850464,1.37165
100000,Or,0.856608,1.39238
100000,Or2,0.927936,1.36819
100000,Not,0.751424,1.10227
100000,Not2,1.45914,1.11226
100000,Not3,4.24106,1.44742
100000,And,0.917696,1.37104
100000,And2,0.86656,1.38336
100000,Or,0.842688,1.35386
100000,Or2,0.917696,1.3489
100000,Not,0.791808,1.1185
100000,Not2,1.4479,1.12106
100000,Not3,4.26067,1.46272
100000,And,0.934816,1.39043
100000,And2,0.958528,2.35386
100000,Or,1.99472,2.35056
100000,Or2,2.20579,2.28682
100000,Not,2.00166,1.51901
100000,Not2,3.32134,1.44864
100000,Not3,9.92253,1.74787
100000,And,1.86272,1.82525
100000,And2,1.67494,1.83194
100000,Or,1.64317,1.7551
100000,Or2,1.71632,1.74422
100000,Not,1.55366,1.34118
100000,Not2,2.67827,1.32813
100000,Not3,8.06797,1.62995
100000,And,1.5415,1.67962
100000,And2,1.40429,1.71024
100000,Or,1.32554,1.65277
100000,Or2,1.45734,1.60637
100000,Not,1.29222,1.23402
100000,Not2,2.32227,1.22419
100000,Not3,6.91741,1.5353
100000,And,1.34435,1.55139
100000,And2,1.2409,1.53923
100000,Or,1.22922,1.53731
100000,Or2,1.30509,1.50608
100000,Not,1.18982,1.18896
100000,Not2,2.04173,1.17482
100000,Not3,6.15462,1.48304
100000,And,1.25542,1.46448
100000,And2,1.09901,1.4527
100000,Or,1.10966,1.47174
100000,Or2,1.20742,1.44102
100000,Not,1.03213,1.14006
100000,Not2,1.8793,1.15322
100000,Not3,5.59818,1.45286
100000,And,1.1409,1.43469
100000,And2,1.02944,1.42531
100000,Or,1.02291,1.41702
100000,Or2,1.13853,1.43638
100000,Not,0.97632,1.12598
100000,Not2,1.7881,1.15936
100000,Not3,5.08979,1.47542
100000,And,1.06512,1.45965
100000,And2,0.978944,1.45402
100000,Or,0.973376,1.43574
100000,Or2,1.0168,1.41072
100000,Not,0.877344,0.75056
100000,Not2,1.47206,0.758144
100000,Not3,4.57837,1.08746
100000,And,0.813984,1.04877
100000,And2,0.733984,1.0383
100000,Or,0.7264,1.05334
100000,Or2,0.783296,1.02576
100000,Not,0.84528,0.731296
100000,Not2,1.37536,0.748512
100000,Not3,4.36944,1.07395
100000,And,0.768544,1.02144
100000,And2,0.688768,1.04064
100000,Or,0.678688,1.03619
100000,Or2,0.758592,1.01872
1000000,Not,6.80394,4.76438
1000000,Not2,12.4871,4.16842
1000000,Not3,40.8057,7.46528
1000000,And,6.62627,5.48115
1000000,And2,6.52915,5.47398
1000000,Or,6.4567,5.48326
1000000,Or2,7.20771,5.46467
1000000,Not,6.45568,4.65526
1000000,Not2,12.7052,4.77171
1000000,Not3,40.6132,8.06531
1000000,And,6.64794,6.31472
1000000,And2,6.84362,6.2817
1000000,Or,6.4785,6.25491
1000000,Or2,7.224,6.49277
1000000,Not,6.57222,4.05488
1000000,Not2,12.4811,4.1544
1000000,Not3,40.7932,7.49075
1000000,And,6.6351,5.52563
1000000,And2,6.52691,5.51306
1000000,Or,6.45562,5.52134
1000000,Or2,7.20029,5.54339
1000000,Not,6.52854,3.88035
1000000,Not2,12.702,3.95222
1000000,Not3,40.525,7.23834
1000000,And,6.59206,5.3216
1000000,And2,6.52166,5.33949
1000000,Or,6.45126,5.33958
1000000,Or2,7.20515,5.31946
1000000,Not,6.55667,4.21626
1000000,Not2,12.492,4.2201
1000000,Not3,40.5303,7.48704
1000000,And,6.60781,5.5937
1000000,And2,6.54867,5.60435
1000000,Or,6.47763,5.78458
1000000,Or2,7.31808,5.57603
1000000,Not,6.58915,3.87776
1000000,Not2,12.4709,3.99005
1000000,Not3,40.7454,7.27149
1000000,And,6.61261,5.37376
1000000,And2,6.57798,5.32106
1000000,Or,6.49846,5.38067
1000000,Or2,7.37853,5.35235
1000000,Not,6.58502,4.05683
1000000,Not2,12.8946,4.13018
1000000,Not3,40.7084,7.42621
1000000,And,6.7919,5.51821
1000000,And2,6.7288,5.52029
1000000,Or,6.6679,5.5153
1000000,Or2,7.38941,5.52762
1000000,Not,6.50077,4.09984
1000000,Not2,12.6846,4.19395
1000000,Not3,40.6837,7.46835
1000000,And,6.8024,5.54739
1000000,And2,6.74288,5.55434
1000000,Or,6.6639,5.84682
1000000,Or2,7.4433,5.56182
1000000,Not,6.5313,4.03072
1000000,Not2,12.6358,4.15117
1000000,Not3,40.9295,7.41853
1000000,And,6.80358,5.51366
1000000,And2,6.75008,5.50851
1000000,Or,6.74819,5.556
1000000,Or2,7.39565,5.51034
1000000,Not,6.61568,4.04662
1000000,Not2,12.8618,4.18054
1000000,Not3,40.7749,7.40067
1000000,And,6.81325,5.5193
1000000,And2,6.72525,5.51718
1000000,Or,6.63613,5.52381
1000000,Or2,7.40317,5.50438
1000000,Not,6.50963,3.77021
1000000,Not2,12.6921,3.86602
1000000,Not3,40.6635,7.12877
1000000,And,6.8001,5.22659
1000000,And2,6.71962,5.21645
1000000,Or,6.64685,5.22813
1000000,Or2,7.57642,5.25078
1000000,Not,6.55296,4.12614
1000000,Not2,12.6399,4.2328
1000000,Not3,40.9101,7.52118
1000000,And,6.79843,5.60032
1000000,And2,6.70874,5.59299
1000000,Or,6.66403,5.59939
1000000,Or2,7.4048,5.60157
1000000,Not,6.58768,4.01488
1000000,Not2,12.8512,4.12038
1000000,Not3,40.6967,7.44096
1000000,And,6.82464,5.46342
1000000,And2,6.72378,5.48989
1000000,Or,6.65238,5.5
1000000,Or2,7.39997,5.49322
1000000,Not,6.56838,3.86486
1000000,Not2,12.6419,3.97683
1000000,Not3,40.749,7.24634
1000000,And,6.80093,5.3521
1000000,And2,6.70877,5.34768
1000000,Or,6.64061,5.52349
1000000,Or2,7.49066,5.34986
1000000,Not,6.60726,4.0712
1000000,Not2,12.6659,4.22067
1000000,Not3,40.9624,7.49408
1000000,And,6.78304,5.57222
1000000,And2,6.73715,5.55117
1000000,Or,6.65296,5.54387
1000000,Or2,7.39696,5.54717
1000000,Not,6.56112,3.87014
1000000,Not2,12.8624,3.99997
1000000,Not3,40.6975,7.23722
1000000,And,6.80026,5.35078
1000000,And2,6.7311,5.33315
1000000,Or,6.63504,5.3857
1000000,Or2,7.40454,5.34995
1000000,Not,6.55418,4.07094
1000000,Not2,12.6443,4.19405
1000000,Not3,40.6997,7.46227
1000000,And,6.80448,5.55056
1000000,And2,6.70931,5.55987
1000000,Or,6.65427,5.78592
1000000,Or2,7.49037,5.56288
1000000,Not,6.52576,4.02259
1000000,Not2,12.6997,4.14202
1000000,Not3,40.8778,7.42672
1000000,And,6.79654,5.52461
1000000,And2,6.72109,5.51318
1000000,Or,6.64141,5.52093
1000000,Or2,7.37952,5.54496
1000000,Not,6.53005,3.86234
1000000,Not2,12.8851,3.98016
1000000,Not3,40.7024,7.22547
1000000,And,6.77939,5.32368
1000000,And2,6.71443,5.34685
1000000,Or,6.67466,5.29725
1000000,Or2,7.38365,5.3303
1000000,Not,6.53523,4.14902
1000000,Not2,12.6649,4.22838
1000000,Not3,40.7391,7.49654
1000000,And,6.81318,5.60634
1000000,And2,6.71571,5.59888
1000000,Or,6.63408,5.9017
1000000,Or2,7.45536,5.59258
1000000,Not,6.55558,3.88269
1000000,Not2,12.6395,3.98637
1000000,Not3,40.9278,7.26906
1000000,And,6.80394,5.34749
1000000,And2,6.72442,5.41024
1000000,Or,6.63843,5.36765
1000000,Or2,7.43242,5.35248
1000000,Not,6.55318,4.03651
1000000,Not2,12.7511,4.14259
1000000,Not3,40.7124,7.4257
1000000,And,6.80538,5.53936
1000000,And2,6.71325,5.52077
1000000,Or,6.64314,5.51939
1000000,Or2,7.39898,5.4961
1000000,Not,6.51322,4.09472
1000000,Not2,12.6478,4.20419
1000000,Not3,40.7075,7.46099
1000000,And,6.78694,5.55642
1000000,And2,6.70995,5.55584
1000000,Or,6.65914,5.80576
1000000,Or2,7.53059,5.5377
1000000,Not,6.55296,4.04842
1000000,Not2,12.6292,4.168
1000000,Not3,40.9615,7.42317
1000000,And,6.78701,5.51306
1000000,And2,6.70778,5.50816
1000000,Or,6.64214,5.52285
1000000,Or2,7.3775,5.52707
1000000,Not,6.65178,4.03277
1000000,Not2,13.0254,4.15318
1000000,Not3,40.6962,7.42339
1000000,And,6.8104,5.50624
1000000,And2,6.71174,5.51834
1000000,Or,6.64109,5.52157
1000000,Or2,7.40112,5.52054
1000000,Not,6.57184,3.75168
1000000,Not2,12.6938,3.85661
1000000,Not3,40.714,7.12758
1000000,And,6.85632,5.22995
1000000,And2,6.71466,5.22192
1000000,Or,6.64755,5.2417
1000000,Or2,7.58794,5.26275
1000000,Not,6.5216,4.12134
1000000,Not2,12.6689,4.2287
1000000,Not3,40.9516,7.50218
1000000,And,6.80403,5.60294
1000000,And2,6.72586,5.58419
1000000,Or,6.65152,5.59165
1000000,Or2,7.4105,5.59456
1000000,Not,6.5649,4.00992
1000000,Not2,12.8892,4.1192
1000000,Not3,40.6849,7.39027
1000000,And,6.80394,5.49274
1000000,And2,6.7104,5.47718
1000000,Or,6.67584,5.48304
1000000,Or2,7.39894,5.49085
1000000,Not,6.5505,3.88307
1000000,Not2,12.7121,3.96531
1000000,Not3,40.6999,7.25133
1000000,And,6.80214,5.33645
1000000,And2,6.72736,5.34416
1000000,Or,6.6313,5.55152
1000000,Or2,7.49139,5.34166
1000000,Not,6.60813,4.06285
1000000,Not2,12.6677,4.23126
1000000,Not3,40.955,7.4432
1000000,And,6.78051,5.55667
1000000,And2,6.71466,5.5473
1000000,Or,6.63891,5.54851
1000000,Or2,7.38022,5.55088
10000000,Not,63.7516,41.3205
10000000,Not2,131.48,42.7612
10000000,Not3,412.185,75.5589
10000000,And,71.8787,55.2029
10000000,And2,72.3749,55.0133
10000000,Or,71.4541,55.4862
10000000,Or2,78.9691,55.2524
10000000,Not,63.7495,41.3665
10000000,Not2,131.452,42.8216
10000000,Not3,411.899,75.2969
10000000,And,71.7289,55.1784
10000000,And2,72.4522,55.268
10000000,Or,71.479,55.5334
10000000,Or2,79.015,55.2604
10000000,Not,63.7188,41.3154
10000000,Not2,131.361,42.8151
10000000,Not3,412.177,75.2282
10000000,And,71.7183,55.2527
10000000,And2,72.5978,55.2163
10000000,Or,71.384,55.4495
10000000,Or2,78.9752,55.2257
10000000,Not,63.7349,41.3683
10000000,Not2,131.447,42.8488
10000000,Not3,411.765,75.3136
10000000,And,71.6949,55.2963
10000000,And2,72.482,55.1117
10000000,Or,71.3973,55.515
10000000,Or2,79.0986,55.1959
10000000,Not,63.7315,41.3088
10000000,Not2,131.308,42.8565
10000000,Not3,411.656,75.2625
10000000,And,71.6935,55.1723
10000000,And2,72.4713,55.1412
10000000,Or,71.4197,55.5675
10000000,Or2,78.935,55.2508
10000000,Not,63.7029,41.4035
10000000,Not2,131.401,42.8497
10000000,Not3,412.043,75.2727
10000000,And,71.654,55.2413
10000000,And2,72.412,55.1175
10000000,Or,71.4517,55.4794
10000000,Or2,78.9805,55.2123
10000000,Not,63.6531,41.4161
10000000,Not2,131.605,42.8372
10000000,Not3,411.706,75.2775
10000000,And,71.7415,55.1643
10000000,And2,72.4489,55.062
10000000,Or,71.3904,55.494
10000000,Or2,79.0284,55.2221
10000000,Not,63.6969,41.3995
10000000,Not2,131.412,42.8151
10000000,Not3,415.991,75.2775
10000000,And,71.6515,55.2133
10000000,And2,72.452,55.1217
10000000,Or,71.4805,55.4633
10000000,Or2,78.9224,55.2314
10000000,Not,63.6857,41.4411
10000000,Not2,131.582,42.8431
10000000,Not3,412.24,75.2729
10000000,And,71.7125,55.3348
10000000,And2,72.5252,55.1515
10000000,Or,71.3654,55.4905
10000000,Or2,78.9875,55.2732
10000000,Not,63.6798,41.39
10000000,Not2,131.584,42.8165
10000000,Not3,411.929,75.323
10000000,And,71.7653,55.4907
10000000,And2,72.2504,55.1724
10000000,Or,71.364,55.5242
10000000,Or2,79.022,55.2881
10000000,Not,63.666,41.4829
10000000,Not2,131.701,42.7145
10000000,Not3,411.951,75.4265
10000000,And,71.7991,55.1681
10000000,And2,72.3666,55.0028
10000000,Or,71.388,55.5445
10000000,Or2,79.0312,55.4773
10000000,Not,63.6978,41.3511
10000000,Not2,131.724,42.6258
10000000,Not3,412.417,75.4048
10000000,And,71.806,55.1794
10000000,And2,72.4589,54.9624
10000000,Or,71.375,55.5645
10000000,Or2,78.9526,55.2264
10000000,Not,63.7607,41.3822
10000000,Not2,132.198,42.9581
10000000,Not3,413.234,75.3569
10000000,And,71.7821,55.2733
10000000,And2,72.4516,55.0987
10000000,Or,71.3705,55.4908
10000000,Or2,78.9793,55.3184
10000000,Not,63.7548,41.3874
10000000,Not2,132.062,42.8049
10000000,Not3,415.561,75.4538
10000000,And,71.778,55.2744
10000000,And2,72.3559,54.9821
10000000,Or,71.3635,55.5386
10000000,Or2,78.9769,55.2759
10000000,Not,63.7448,41.406
10000000,Not2,132.41,42.8508
10000000,Not3,416.313,75.2794
10000000,And,71.7283,55.1845
10000000,And2,72.4155,55.2484
10000000,Or,71.477,55.6151
10000000,Or2,79.0223,55.2432
10000000,Not,63.8642,41.3648
10000000,Not2,133.114,42.9539
10000000,Not3,415.848,75.291
10000000,And,71.8049,55.1562
10000000,And2,72.3185,55.0377
10000000,Or,71.3831,55.4951
10000000,Or2,78.9613,55.3928
10000000,Not,63.7955,41.4248
10000000,Not2,133.836,42.9983
10000000,Not3,415.304,75.2708
10000000,And,71.7444,55.2289
10000000,And2,72.427,55.2008
10000000,Or,71.4021,55.5646
10000000,Or2,78.9621,55.3527
10000000,Not,63.97,41.4015
10000000,Not2,133.206,42.9026
10000000,Not3,414.455,75.2702
10000000,And,71.6494,55.2516
10000000,And2,72.4449,55.1282
10000000,Or,71.4484,55.454
10000000,Or2,78.9597,55.1786
10000000,Not,63.7734,41.4345
10000000,Not2,131.982,42.9083
10000000,Not3,416.59,75.3141
10000000,And,72.0473,55.129
10000000,And2,72.4232,55.1936
10000000,Or,71.465,55.4908
10000000,Or2,78.9466,55.3174
10000000,Not,64.048,41.3766
10000000,Not2,133.816,42.654
10000000,Not3,417.449,75.4857
10000000,And,72.2067,55.1047
10000000,And2,72.3651,55.0905
10000000,Or,71.4226,55.5274
10000000,Or2,78.9908,55.447
10000000,Not,63.6856,41.3865
10000000,Not2,133.604,42.9849
10000000,Not3,416.453,75.3111
10000000,And,71.8406,55.1788
10000000,And2,72.4701,55.1482
10000000,Or,71.5956,55.4562
10000000,Or2,78.9647,55.2945
10000000,Not,64.1618,41.3771
10000000,Not2,133.934,42.9364
10000000,Not3,417.608,75.3027
10000000,And,71.9203,55.1636
10000000,And2,72.3781,54.9493
10000000,Or,71.4924,55.6142
10000000,Or2,78.9709,55.269
10000000,Not,63.8715,41.4464
10000000,Not2,133.317,43.0097
10000000,Not3,417.614,75.3007
10000000,And,71.9686,55.1671
10000000,And2,72.4303,55.1514
10000000,Or,71.4929,55.5018
10000000,Or2,78.9995,55.8006
10000000,Not,63.8115,41.4667
10000000,Not2,132.698,42.7973
10000000,Not3,416.977,75.2786
10000000,And,72.13,55.1027
10000000,And2,72.4647,55.0078
10000000,Or,71.4197,55.4877
10000000,Or2,78.9445,55.3163
10000000,Not,63.7951,41.4073
10000000,Not2,133.742,43.3908
10000000,Not3,421.976,75.3276
10000000,And,71.7867,55.175
10000000,And2,72.4107,55.1493
10000000,Or,71.5136,55.4497
10000000,Or2,78.9299,55.2164
10000000,Not,64.1671,41.3496
10000000,Not2,134.339,42.8313
10000000,Not3,418.848,75.414
10000000,And,72.0503,55.1785
10000000,And2,72.4353,54.9411
10000000,Or,71.6751,55.5207
10000000,Or2,79.0749,55.4669
10000000,Not,65.2525,41.3658
10000000,Not2,134.781,42.853
10000000,Not3,422.801,75.3083
10000000,And,72.2294,55.104
10000000,And2,72.4759,55.169
10000000,Or,71.7016,55.5307
10000000,Or2,79.1478,55.2657
10000000,Not,64.7646,41.4419
10000000,Not2,136.705,42.9872
10000000,Not3,421.045,75.261
10000000,And,72.3947,55.2026
10000000,And2,72.4818,55.1657
10000000,Or,71.9517,55.4139
10000000,Or2,79.3016,55.7422
10000000,Not,65.2348,41.4731
10000000,Not2,134.812,42.7004
10000000,Not3,419.522,75.4468
10000000,And,72.3554,55.3051
10000000,And2,72.5004,54.982
10000000,Or,71.8225,55.4572
10000000,Or2,79.3411,55.403
10000000,Not,64.9306,41.3843
10000000,Not2,135.615,42.7239
10000000,Not3,422.434,75.4632
10000000,And,72.448,55.176
10000000,And2,72.4658,54.9671
10000000,Or,71.6884,55.5242
10000000,Or2,79.7739,55.2731
100000000,Not,652.365,381.409
100000000,Not2,1379.55,380.409
100000000,Not3,4239.46,381.106
100000000,And,739.13,492.108
100000000,And2,744.185,491.07
100000000,Or,737.228,492.394
100000000,Or2,806.793,490.92
100000000,Not,654.26,381.125
100000000,Not2,1383.61,381.572
100000000,Not3,4275.3,372.547
100000000,And,742.346,492.066
100000000,And2,743.158,490.745
100000000,Or,737.938,492.08
100000000,Or2,801.879,490.82
100000000,Not,657.963,372.332
100000000,Not2,1377.25,372.794
100000000,Not3,4283.42,372.398
100000000,And,739,493.116
100000000,And2,744.205,490.869
100000000,Or,737.028,491.753
100000000,Or2,807.886,491.199
100000000,Not,660.474,381.534
100000000,Not2,1400.71,373.63
100000000,Not3,4410.46,372.77
100000000,And,741.958,492.007
100000000,And2,747.896,491.543
100000000,Or,740.628,492.116
100000000,Or2,810.385,491.21
100000000,Not,663.08,381.937
100000000,Not2,1382.19,380.795
100000000,Not3,4312.89,372.562
100000000,And,748.032,492.032
100000000,And2,751.593,491.1
100000000,Or,742.563,492.313
100000000,Or2,813.241,490.65
100000000,Not,658.963,372.784
100000000,Not2,1388.79,372.47
100000000,Not3,4330.2,373.096
100000000,And,748.445,492.278
100000000,And2,759.515,491.102
100000000,Or,752.594,492.251
100000000,Or2,826.106,490.769
100000000,Not,669.052,380.959
100000000,Not2,1413.4,382.691
100000000,Not3,4376.35,372.786
100000000,And,755.541,492.354
100000000,And2,764.869,490.977
100000000,Or,763.73,492.165
100000000,Or2,828.377,490.771
100000000,Not,674.745,381.157
100000000,Not2,1419.13,372.938
100000000,Not3,4394.53,372.745
100000000,And,757.087,492.253
100000000,And2,766.731,491.046
100000000,Or,762.326,492.252
100000000,Or2,836.848,491.183
100000000,Not,677.163,381.334
100000000,Not2,1421.6,372.738
100000000,Not3,4398.15,381.652
100000000,And,756.817,492.262
100000000,And2,761.864,490.892
100000000,Or,755.315,492.166
100000000,Or2,827.364,490.854
100000000,Not,674.161,381.632
100000000,Not2,1427.12,381.523
100000000,Not3,4436.61,373.299
100000000,And,766.896,492.396
100000000,And2,767.568,490.749
100000000,Or,756.799,492.533
100000000,Or2,828.681,490.893
100000000,Not,670.19,382.178
100000000,Not2,1427.62,372.962
100000000,Not3,4435.18,373.169
100000000,And,771.702,493.279
100000000,And2,779.589,491.247
100000000,Or,760.369,492.25
100000000,Or2,838.501,491.004
100000000,Not,677.383,381.519
100000000,Not2,1445.83,373.47
100000000,Not3,4431.06,373.174
100000000,And,763.371,492.345
100000000,And2,766.103,513.695
100000000,Or,774.206,492.257
100000000,Or2,838.074,491.065
100000000,Not,679.356,381.824
100000000,Not2,1445.74,381.622
100000000,Not3,4431.3,380.909
100000000,And,768.956,492.22
100000000,And2,774.201,490.989
100000000,Or,773.733,492.199
100000000,Or2,837.906,491.116
100000000,Not,681.033,380.755
100000000,Not2,1449.51,383.398
100000000,Not3,4496.08,372.758
100000000,And,772.394,492.502
100000000,And2,775.5,490.974
100000000,Or,778.128,492.138
100000000,Or2,847.743,491.242
100000000,Not,683.237,381.955
100000000,Not2,1449.31,381.292
100000000,Not3,4461.44,373.007
100000000,And,766.75,492.859
100000000,And2,778.628,491.026
100000000,Or,768.972,492.034
100000000,Or2,841.278,490.948
100000000,Not,683.664,381.742
100000000,Not2,1451.47,372.932
100000000,Not3,4486.09,372.665
100000000,And,776.423,492.136
100000000,And2,776.364,491.184
100000000,Or,774.649,492.136
100000000,Or2,845.773,499.389
100000000,Not,681.295,381.58
100000000,Not2,1447.3,372.649
100000000,Not3,4497.6,372.924
100000000,And,777.131,491.979
100000000,And2,781.263,491.209
100000000,Or,775.409,492.23
100000000,Or2,852.647,491.011
100000000,Not,694.802,373.434
100000000,Not2,1471.94,372.664
100000000,Not3,4525.7,373.348
100000000,And,782.646,493.047
100000000,And2,801.79,491.709
100000000,Or,792.459,494.096
100000000,Or2,853.26,491.449
100000000,Not,696.402,382.129
100000000,Not2,1477,372.897
100000000,Not3,4574.28,372.77
100000000,And,793.046,492.833
100000000,And2,806.906,491.372
100000000,Or,790.321,492.836
100000000,Or2,874.198,491.095
100000000,Not,696.084,382.328
100000000,Not2,1469,381.579
100000000,Not3,4563.81,372.562
100000000,And,785.437,492.243
100000000,And2,799.687,491.039
100000000,Or,787.604,493.314
100000000,Or2,864.171,491.236
100000000,Not,699.826,380.905
100000000,Not2,1480.75,381.878
100000000,Not3,4577.35,381.662
100000000,And,782.853,492.326
100000000,And2,789.462,491.429
100000000,Or,791.827,492.159
100000000,Or2,871.358,491.671
100000000,Not,699.142,380.831
100000000,Not2,1495.47,381.842
100000000,Not3,4619.69,381.23
100000000,And,793.935,492.166
100000000,And2,797.378,491.19
100000000,Or,783.973,492.538
100000000,Or2,858.279,490.979
100000000,Not,691.758,372.678
100000000,Not2,1457.32,373.176
100000000,Not3,4574.78,372.961
100000000,And,787.478,492.31
100000000,And2,794.183,490.884
100000000,Or,783.962,492.579
100000000,Or2,864.709,491.357
100000000,Not,699.885,381.716
100000000,Not2,1497.17,372.906
100000000,Not3,4622.35,373.036
100000000,And,791.373,492.501
100000000,And2,803.131,491.149
100000000,Or,802.83,492.564
100000000,Or2,868.364,491.078
100000000,Not,699.986,381.543
100000000,Not2,1490.14,381.54
100000000,Not3,4619.7,382.514
100000000,And,808.238,493.282
100000000,And2,817.009,492.218
100000000,Or,793.064,492.58
100000000,Or2,871.987,492.766
100000000,Not,702.926,381.055
100000000,Not2,1498.35,380.61
100000000,Not3,4640.57,382.382
100000000,And,799.265,492.654
100000000,And2,800.939,490.986
100000000,Or,797.474,492.856
100000000,Or2,883.923,491.44
100000000,Not,705.688,381.466
100000000,Not2,1503.88,373.332
100000000,Not3,4635.31,373.186
100000000,And,799.829,492.87
100000000,And2,808.894,491.429
100000000,Or,799.394,492.683
100000000,Or2,873.009,491.281
100000000,Not,704.555,381.765
100000000,Not2,1493.88,382.42
100000000,Not3,4630.79,382.004
100000000,And,804.11,492.357
100000000,And2,801.844,491.048
100000000,Or,796.52,493.97
100000000,Or2,878.093,491.569
100000000,Not,706.907,377.97
100000000,Not2,1514.43,373.596
100000000,Not3,4619.65,373.217
100000000,And,794.886,503.698
100000000,And2,798.491,491.109
100000000,Or,855.63,498.462
100000000,Or2,871.652,505.008
100000000,Not,724.294,396.9
100000000,Not2,1516.27,382.522
100000000,Not3,4815.13,387.949
100000000,And,820.927,532.258
100000000,And2,903.173,493.231
100000000,Or,829.91,493.65
100000000,Or2,895.914,492.609
